,euclidean distance,gini distance,hydro reliability
0,0.020566815538579107,0.18855428710274402,0.04400411339957433
