hydropower,atomicpowerplant,baltimore,chester,environment,recreation
65.27286651480496,0.6346173208605965,0.5571876607696827,0.5717739431408108,-0.09723151780759719,1.0
