hydropower,atomicpowerplant,baltimore,chester,environment,recreation
63.561662438587405,0.6377152828268441,0.2647716013292156,0.603536496797328,-0.08655223310704364,1.0
63.879364712633006,0.8031755967355966,0.6446389514454676,0.3657818465024764,-0.09603328331409906,1.0
