hydropower,atomicpowerplant,baltimore,chester,environment,recreation
68.72644108396655,0.7795296340442229,0.5931121446300897,0.6367845230317046,-0.08666334969226357,1.0
