hydropower,atomicpowerplant,baltimore,chester,environment,recreation
76.7116294753466,0.9160603035158676,0.6834919967300251,0.5088380893480854,-0.10409859494594212,1.0
