hydropower,atomicpowerplant,baltimore,chester,environment,recreation
62.5011115771333,0.5432280460963775,0.36918518727191785,0.3665169445361498,-0.08433865651968228,1.0
