hydropower,atomicpowerplant,baltimore,chester,environment,recreation
62.057006608448475,0.648925796500128,0.3663303102442467,0.37393081901237885,-0.08738006881701077,1.0
46.154247401172526,0.8787906387976644,0.40361285542349407,0.5493617538175894,-0.08664378011085974,1.0
53.87960740965933,0.6685103498013382,0.5121062159363764,0.3543584548383115,-0.08827060832095117,1.0
56.49254020004937,0.40051804450803585,0.538220227690883,0.5066400612333805,-0.09479576420400716,1.0
