hydropower,atomicpowerplant,baltimore,chester,environment,recreation
67.31474307393472,0.6180587418443554,0.3272297275321067,0.29129253677940686,-0.07957016073592331,1.0
61.3985990828939,0.345209668503241,0.38012809369438555,0.5513737721541359,-0.09070306682334033,1.0
