hydropower,atomicpowerplant,baltimore,chester,environment,recreation
55.20621186801404,0.772647192547821,0.5256053326931939,0.632493094324027,-0.08633706567294422,1.0
60.97755131418433,0.8526164090061081,0.34783681603541194,0.5200888015966045,-0.0838113618762532,1.0
55.5915859330484,0.769129641353646,0.5367424889583844,0.49985512880282146,-0.09113165705232756,1.0
