hydropower,atomicpowerplant,baltimore,chester,environment,recreation
51.26051892164952,0.590397305923346,0.28063418929762707,0.5909816751365103,-0.08866019476503809,1.0
63.651831911950175,0.6835174075225289,0.5653709786820752,0.4868798589013773,-0.0920402137959756,1.0
