hydropower,atomicpowerplant,baltimore,chester,environment,recreation
65.72083119939417,0.6720271622400199,0.24613346733661418,0.28174906000248456,-0.08655441673107706,1.0
63.690311211383865,0.7582848761300034,0.6244488758315982,0.6499303769682317,-0.09197481675608365,1.0
