hydropower,atomicpowerplant,baltimore,chester,environment,recreation
1.5728857060615227,-0.4507892266733419
6.606307630135008,-0.1710628284845152
13.903064557988847,-0.08711492500976221
10.062826001068206,-0.12496908784181736
5.504865315339539,-0.36953536552845934
