hydropower,atomicpowerplant,baltimore,chester,environment,recreation,equity
79.57839307689349,0.999750033303376,0.9177266438850668,0.9500353535578308,-0.1045487097396498,1.0,-0.0299962876423546
