hydropower,atomicpowerplant,baltimore,chester,environment,recreation,equity
79.57957855390848,0.9990253347449766,0.904000578197776,0.9431272859159536,-0.109361800868485,1.0,-0.0238078568099423
80.05185487851544,0.8635639395105615,0.4488509053585848,0.7188163777969864,-0.0959029861984537,1.0,-0.0308450241151813
79.29519625719934,0.9995740378817688,0.9153488709251588,0.9504006341130106,-0.1118290845262504,1.0,-0.0360046183067053
80.52302802511632,0.7310196795712977,0.2216057447937557,0.2523779845560653,-0.0908741048444726,1.0,-0.0142083833625801
