hydropower,atomicpowerplant,baltimore,chester,environment,recreation
8.839307261544885,-0.25080038751407974
14.768765163964304,-0.08995709984303377
6.10289200195977,-0.3595634690252199
13.177920697587641,-0.10281395658509786
1.5824178752929825,-0.45030132131594464
7.3107197126075745,-0.30113394651622016
3.294128518130956,-0.4030436017277978
