hydropower,atomicpowerplant,baltimore,chester,environment,recreation
13.90517517843519,-0.1007570384281257
4.464715666102267,-0.37867275548740253
1.5495840355953416,-0.453485281672454
15.09329824778909,-0.0934136045299154
5.6857650562720625,-0.33050800107820516
7.275674480903566,-0.2220572743728387
2.2848163447441947,-0.4035903436244774
